{
    "libs": [
        {
            "name": "ddcLIB",
            "version": "1.0.0",
            "description": "General library for web development",
            "author": "tyuXX",
            "license": "MIT",
            "files": [
                "ddcELN.js",
                "ddcPerformance.js",
                "ddcRegistry.js",
                "ddcSettings.js",
                "multiPage.js",
                "sharedFuncs.js"
            ]
        },
        {
            "name": "ddcGame",
            "version": "1.0.0",
            "description": "Library for web games",
            "author": "tyuXX",
            "license": "MIT",
            "files": [
                "ddcCurrency.js",
                "ddcUpgrade.js",
                "ddcGameSave.js"
            ]
        },
        {
            "name": "ddcTranslate",
            "version": "1.0.0",
            "description": "Library for web page translations",
            "author": "tyuXX",
            "license": "MIT",
            "files": [
                "translator.js"
            ]
        },
        {
            "name": "ddcLogger",
            "version": "1.0.0",
            "description": "Library for web page logging (NYI)",
            "author": "tyuXX",
            "license": "MIT",
            "files": [
                "ddcLogger.js"
            ]
        },
        {
            "name": "ddcMath",
            "version": "1.0.0",
            "description": "Math interpreter",
            "author": "tyuXX",
            "license": "MIT",
            "files": [
                "interpret.js"
            ]
        },
        {
            "name": "ddcInjector",
            "version": "1.0.0",
            "description": "Library for dynamic code injection",
            "author": "tyuXX",
            "license": "MIT",
            "files": [
                "injector.js"
            ]
        }
    ],
    "pages": [
        {
            "name": "",
            "version": "1.0.0",
            "description": "General pages",
            "author": "tyuXX",
            "license": "MIT",
            "files": [
                "clickerggaem.html",
                "libTest.html",
                "multiPageTest.html",
                "numberTest.html",
                "performancerecorder.html"
            ]
        },
        {
            "name": "dynaCalc",
            "version": "1.0.0",
            "description": "Dynamic calculator",
            "author": "tyuXX",
            "license": "MIT",
            "files": [
                "dynaCalc.html"
            ]
        }
    ]
}